CODE,Title,Year,Primary Objective,Secondary Objectives,Beneficiaries,Creative Approach,Financial Resources,Business Model,Human Resources,Entity Types,Competences,ICH Domain,ICH Elements,Data Source,Data Type,Capturing Technologies,Representation Technologies,Digitization Output,Dissemination Technologies,Fruition Output
1,Multi - Multimedia Museum,2023,"[""Transmission"",""Celebration"",""Preservation"",""Enhancement""]","[""Global outreach"",""Edutainment"",""Inclusivity""]","[""Enthusiasts"",""ICH Curious"",""General public"",""Educational institutions""]","[""Virtualization"",""Storytelling""]","[""Publicly funded""]","[""Free Access Model""]","[""Lead Developer"",""IT Consultancy"",""Front-End Developer"",""Scientific curators"",""Backend developer"",""Art Director"",""Lead Designer"",""UX/UI Designer""]","[""Multidisciplinary Design Studio"",""Educational Institution"",""University research center""]","[""Digital Content Design"",""Administration"",""Cultural Preservation Strategy"",""Public Relations & Partnerships"",""Strategic Leadership"",""Creative Direction"",""Graphic Design"",""Documentation Research"",""Photography"",""Sales Strategy"",""UX/UI Design""]","[""Oral traditions and expressions""]","[""Dialects"",""Spoken Languages"",""Linguistics"",""Languages"",""Oral history""]","[""Spoken-language recordings"",""Illustrations"",""Archive entry"",""Written text"",""Books""]","[""Audio"",""Pictures"",""Text""]","[""Audio recording"",""2D acquisition""]","[""Storytelling tools"",""Database system""]","[""Structured metadata"",""Digitized collection of texts, images, and audio""]","[""Web platform""]","[""Virtual museum""]"
2,Hundred Days: Winemaking Simulator,2021,"[""Preservation"",""Accessibility"",""Promotion""]","[""Edutainment"",""Global outreach"",""Economic sustainability"",""Cultural representation""]","[""Cultural practitioners"",""Gamers"",""Local communities"",""General public"",""Enthusiasts"",""ICH Curious""]","[""Gamification"",""Virtualization"",""Storytelling"",""Simulation""]","[""Self-Funded""]","[""Direct to Consumers (DtC)"",""Pay-to-Play (P2P)""]","[""Producer"",""3D Graphic Designer"",""Narrative Designer""]","[""Winemakers"",""Digital Artists"",""Music and Sound Design Studio"",""Game development studio""]","[""Art Direction"",""Audio/Sound Design"",""Business Development"",""Concept Art"",""Game Development"",""Lighting Design"",""Strategic Leadership"",""UX/UI Design""]","[""Knowledge and practices concerning nature and the universe"",""Traditional craftsmanship""]","[""Winemaking"",""Food production"",""Alcoholic beverages""]","[""Craftsmen Know-how"",""Enological chemistry documentation"",""Books on winemaking""]","[""Text"",""Formulas"",""Statistics""]",,"[""Game engine"",""Simulation algorithms""]","[""Winemaking management simulator"",""Structured knowledge base"",""Statistical formulas"",""Dataset of winemaking processes""]","[""Game engine"",""Media communication app""]","[""Videogame""]"
3,ADLaM,2023,"[""Accessibility"",""Preservation"",""Revitalization"",""Lost/Endangered/Undocumented Recovery"",""Representativeness in digital world"",""Community empowerment""]","[""Educational outreach"",""Inclusivity"",""Cultural identity reinforcement"",""Global outreach""]","[""Marginalized communities"",""Local communities"",""Younger generations"",""ICH Specialists"",""Schools""]","[""Participation"",""Glocalization""]","[""Corporate-Sponsored""]","[""Free Access Model""]","[""Typeface Designers"",""Cultural Practitioner"",""Art Director"",""ICH Researchers"",""Textile Expert"",""Creative Director"",""Executive Creative Director"",""Principal Program Manager"",""Designer"",""Design Director"",""Copywriter"",""Principal Product Manager"",""Head of Design"",""Accountant"",""Director of Operations"",""Group Account Director"",""Executive Production Officer"",""Executive Producer"",""Strategy Director""]","[""Visual Culture Specialists"",""Cultural Practitioners"",""Cultural Practitioners Community"",""Typeface Designers"",""Advertising agency"",""Multinational Technology Firm""]","[""Ethnographic Research"",""Cultural Preservation Strategy"",""Graphic Design"",""Participatory Production"",""Typeface Design"",""Art Direction"",""Copywriting"",""Creative Coordination"",""Concept Ideation & Dev."",""Cross-Platform Compatibility"",""Communication Strategy"",""Digital Content Curation"",""Digital Product Management"",""Rights & Permissions Management"",""Strategic Leadership"",""Unicode Integration""]","[""Oral traditions and expressions""]","[""Spoken Languages"",""Language preservation"",""Languages"",""Indigenous languages"",""Adlam written texts"",""Signs""]","[""Oral knowledge"",""Adlam font lettering"",""Digital script documentation""]","[""Pictures"",""Text"",""Digital font""]","[""2D acquisition""]","[""Typeface modeling software"",""Vector graphic software"",""Text editing software""]","[""Vectorized text assets"",""Digital font of the Adlam script""]","[""Cloud system""]","[""Participatory initiative"",""Digital assets"",""Digital campaign""]"
4,A soup to remember,2024,"[""Promotion"",""Preservation"",""Community empowerment"",""Visibility and reputation""]","[""Economic sustainability"",""Edutainment"",""Cultural dissemination"",""Community empowerment""]","[""Schools"",""Marginalized communities"",""Local communities"",""ICH Specialists"",""Younger generations""]","[""Participation"",""Materialization""]","[""Corporate-Sponsored""]","[""Free Access Model""]","[""Executive Director"",""Musicians"",""Brand Manager"",""Creative Director"",""Designer"",""Head of Creative Excellence"",""Accountant"",""Creative Manager"",""Copywriter"",""ICH Practitioners"",""Head of Video Production"",""Head of Pre-Press"",""Craft Partner"",""Creative Partner"",""Social Media Manager"",""Video Animator"",""Head of Social Media"",""Art Director"",""Global Producer"",""Public Relationship"",""Illustrator"",""Photographer"",""Press and Production"",""Director of Photography""]","[""Policy makers"",""Pasta Producer"",""Cultural and Arts local association"",""Advertising agency""]","[""Animation"",""Art Direction"",""Graphic Design"",""Physical Computing"",""Brand Management"",""Cinematography"",""Community Engagement"",""Copywriting"",""Concept Ideation & Dev."",""Team Leadership"",""Cultural Knowledge Transfer"",""Digital Illustration"",""Decision-making"",""Digital Media Handling"",""Musical Composition"",""Product Design"",""Project Coordination"",""Sociology"",""Strategic Leadership"",""Video Production""]","[""Oral traditions and expressions"",""Performing arts""]","[""Dance"",""Oral knowledge"",""Vocal music"",""Instrumental music"",""Costumes"",""Wedding customs"",""Religious practice""]","[""Songs lyrics"",""Međimurje oral traditions"",""Music live performances""]","[""Text"",""Audio""]","[""Audio recording"",""Text editing software"",""Video recording""]","[""Alphabet-shaped pasta manufacturing"",""Vector graphic software"",""Image editing software""]","[""Illustrated books"",""Packaged with song lyrics alphabet-shaped pasta""]","[""Social Media""]","[""Digital campaign"",""Participatory initiative""]"
5,Pub Museums,2024,"[""Recognition"",""Economic sustainability"",""Preservation""]","[""Policy advocacy"",""Cultural dissemination"",""Community engagement""]","[""Local communities"",""Citizens"",""Tourists"",""Cultural practitioners"",""Tradition bearers""]","[""Digital twinning"",""Institutionalization""]","[""Corporate-Sponsored""]","[""Free Access Model""]","[""Digital Manager"",""Communication Manager"",""Copywriter"",""Creative Director"",""CCO"",""Client Service Director"",""Digital Director"",""Brand Manager"",""Marketing Manager"",""Group Account Director"",""Director Global Brand"",""CEO"",""Marketing Director"",""Accountant"",""Head of PR & Communications"",""Head of Creative Technology"",""Head of Digital Production"",""Digital Producer Supervisor"",""Digital Designer"",""Agency Producer"",""Art Director"",""Technical Lead"",""Studio Lead"",""Production Assistant"",""Print Production"",""Business Director"",""Head of Creative Innovation"",""Public Relationship""]","[""Advertising agency"",""Brewing company""]","[""Advocacy Management"",""AI/AR/VR Integration"",""AR Content Creation"",""Art Direction"",""Business Strategy"",""Client Relationship Management"",""Communication Strategy"",""Content Strategy"",""Copywriting"",""Concept Ideation & Dev."",""Global & Local Marketing"",""Global Brand Leadership"",""IT Systems Development"",""Machine Learning"",""Creative Coordination"",""Product Design"",""Technical Support"",""Storytelling""]","[""Social practices, rituals and festive events""]","[""Everyday life"",""Food customs"",""Hospitality customs"",""Irish pub floor plans"",""Irish pub stories"",""Fermented beverages"",""Social gathering"",""Friendship memories"",""Brewing""]","[""Floor plans"",""Pub stories"",""Historical objects"",""Oral knowledge""]","[""Audio"",""Object/artefact"",""Oral knowledge""]","[""Audio recording"",""GPS"",""3D scanning""]","[""3D modeling software"",""Augmented Reality""]","[""Geographic metadata"",""Digital 3D models of historical objects"",""Audio narrations""]","[""Mobile App"",""AR technologies""]","[""Virtual museum"",""Museum""]"
6,THE GREAT PALERMO,2015,"[""Celebration"",""Preservation""]","[""Community engagement"",""Cultural representation"",""Edutainment""]","[""Local communities"",""Tourists"",""General public"",""Gamers""]","[""Storytelling"",""Gamification""]","[""Hybrid Funding Model""]","[""Free Access Model""]","[""Copywriter"",""Project Manager"",""Visual Designer"",""App Developer"",""Game developer"",""Voiceover Artist"",""Sound Designer"",""Producer""]","[""Cultural Association"",""Game development studio""]","[""Game Programming"",""Rights & Permissions Management"",""Copywriting"",""Creative Coordination"",""Cultural Mediation"",""Digital Illustration"",""Kinematic Analysis & Evaluation"",""Project Coordination"",""Storytelling""]","[""Social practices, rituals and festive events""]","[""Oral history"",""Storytelling"",""Past History"",""Folklore"",""Food preparation"",""Urban spaces"",""Monument history"",""Food customs"",""Sicilian oral traditions""]","[""Historical narratives"",""Urban folklore"",""Oral narratives""]","[""Object/artefact"",""Audio"",""Text""]",,"[""Visual-novel game engine"",""Vector graphic software""]","[""Digital storytelling"",""Illustrated content""]","[""Visual-novel game engine"",""Web platform""]","[""ICH-inspired artefact"",""Videogame""]"
7,Cultural Avatars,2023,"[""Empowerment"",""Cultural identity representation""]","[""Cultural preservation"",""Youth empowerment"",""Open-source contribution"",""Community engagement""]","[""Local communities"",""Younger generations"",""Gamers"",""Marginalized communities""]","[""Digital twinning"",""Participation"",""Glocalization""]","[""Corporate-Sponsored""]","[""Free Access Model""]","[""Fashion Designer"",""Client Manager"",""Advertising Manager"",""Sales Manager"",""Motion Designer"",""Coordinator of Joint Campaigns"",""Art Director"",""Communication Officer"",""Assistant Art Director"",""3D Graphic Designer"",""Copywriter"",""3D Character Artist"",""Consulting Director"",""Creative Director""]","[""Advertising agency"",""Telecommunications and digital service provider"",""Game development studio"",""Fashion designers""]","[""Advertising Management"",""Campaign Coordination"",""Client Relationship Management"",""Communication Strategy"",""Copywriting"",""3D Modeling"",""Creative Coordination"",""Creative Direction"",""Cross-Cultural Storytelling"",""Team Leadership"",""Gaming Skins Design"",""Decision-making"",""Fashion Design"",""Motion Graphics"",""Coding"",""Olfactory Heritage Documentation"",""Stage Spatial Design"",""Branding""]","[""Traditional craftsmanship""]","[""Technical skills"",""Craft workers"",""Apprenticeship"",""Traditional and contemporary African costumes"",""Weaving"",""Cultural identity"",""Jewelry"",""Pattern"",""Costumes""]","[""Music live performances"",""Traditional costumes"",""Technical documentation"",""Fashion Designer knowledge""]","[""Pictures"",""Object/artefact"",""Templates and Measures""]","[""Annotation system"",""2D acquisition""]","[""Game engine"",""3D modeling software""]","[""3D gaming skins""]","[""Game engine"",""Cloud system""]","[""ICH-inspired artefact"",""Digital campaign"",""Participatory initiative"",""Dedicated physical events"",""Digital assets""]"
8,"ARCHETIPI da Poseidonia a Paestum, ricerca di manufatti contemporanei",2023,"[""Remix and reinterpretation"",""Valorization"",""Visibility and reputation""]","[""Cultural promotion"",""Contemporary design integration""]","[""Cultural institutions"",""General public"",""Manufacturers""]","[""Remix"",""Archetyping""]","[""Self-Funded""]","[""B2C"",""B2B""]","[""Industrial Designer"",""3D Printing Specialist"",""Interior Designer"",""Architect"",""3D Modeling Specialist"",""Ceramicist""]","[""Manufacturing company"",""Industrial Designer"",""Architecture & Interior Design Studio"",""Archaeological site""]","[""Ceramic Making"",""Co-Design Facilitation"",""Community Engagement"",""3D Printing"",""Digital Fabrication"",""Exhibition Design"",""Production Planning""]","[""Traditional craftsmanship""]","[""Technical skills"",""Ceramic arts"",""Clay artefacts"",""Handicrafts"",""Apprenticeship"",""Geometrical shapes"",""Craft workers""]","[""Cultural symbols"",""Historical documentation"",""Archive entry"",""Archaeological artifacts""]","[""Metadata"",""Object/artefact""]","[""2D acquisition""]","[""3D printing"",""3D modeling software""]","[""3D printed prototypes and ceramic molds""]","[""Ceramic casting""]","[""ICH-inspired artefact""]"
9,No Food Tomorrow - Eucarestia,2023,"[""Preservation""]","[""Community empowerment"",""Celebration"",""Economic sustainability""]","[""Tradition bearers"",""Researchers and Scholars"",""Educational institutions"",""Enthusiasts"",""Policy makers"",""ICH Curious""]","[""Crowdsourcing"",""Translation"",""Artification"",""Magnification""]",,"[""Crowdfunding"",""Direct to Consumers (DtC)""]","[""Scientific curators"",""Conceptual Artist"",""Creative Director"",""Visual Designer"",""Photographer"",""Set Designer"",""Music Composer"",""Digital Designer""]","[""Research Center"",""Digital Art Studio"",""Artistic collective"",""University research center""]","[""Photography"",""Concept Ideation & Dev."",""Creative Direction"",""Exhibition Design"",""Community Impact Evaluation"",""On-site Experience Coordination"",""Branding""]","[""Knowledge and practices concerning nature and the universe""]","[""Mediterranean diet food staples"",""Harvesting techniques"",""Plant resources"",""Social capital""]","[""Photomicrograph of olive oil"",""Photomicrograph of sea water"",""Photomicrograph of wine"",""Photomicrograph of cereals""]","[""Object/artefact""]","[""2D acquisition"",""Optical microscopy""]","[""Annotation system"",""Photo-editing software""]","[""High-resolution macro images of diet samples""]","[""NFT technologies""]","[""Dedicated physical events"",""ICH-inspired artefact"",""Digital assets""]"
10,Virtual Dance Museum,2016-2025,"[""Open resource creation"",""Preservation"",""Accessibility""]","[""Interactive learning"",""Cultural dissemination"",""Edutainment""]","[""Students"",""Gamers"",""Tradition bearers"",""ICH Specialists"",""Researchers and Scholars""]","[""Digital twinning"",""Simulation""]","[""Publicly Funded""]","[""Free Access Model""]","[""XR Developer"",""Sound Technician"",""Costume Designer"",""Digital Costume Designer"",""Software Developer"",""3D Animator"",""Cultural Heritage Specialist"",""Dance Documentation Specialist"",""Video Director"",""Digital Archivist"",""Data Processing Specialist"",""Database Manager"",""Motion Capture Operator"",""Ethnochoreologist"",""Historian"",""3D Web Integration"",""Metadata Specialist"",""Kinesiologist"",""Project Manager"",""Researcher"",""UX/UI Designer"",""Web developer"",""Post-production Editor""]","[""University Joint Venture"",""Academy of Customs and traditional dances"",""Research Foundation"",""Traditional Arts Events Organization"",""Dance Academy"",""Educational Institution"",""University research center""]","[""AI/AR/VR Integration"",""Audio/Sound Recording"",""Traditional Costume Knowledge"",""Cross-Platform Compatibility"",""Heritage Expertise"",""3D Modeling"",""Dance Documentation"",""Dance Performance Recording"",""Data Archiving & Retrieval"",""Data Post-Processing"",""Database Information Management"",""Motion Graphics"",""Folk Dance Knowledge"",""Historical & Literary Research"",""Interaction Design"",""Microencapsulation"",""Motion Capture Data Acquisition"",""Project Coordination"",""Resource Planning"",""UX/UI Design"",""Web Development""]","[""Social practices, rituals and festive events"",""Performing arts""]","[""Handicrafts"",""Costumes"",""Instrumental music"",""Choreography"",""Apprenticeship"",""Dance""]","[""Traditional costumes"",""Traditional music"",""Dance performance""]","[""Video"",""Audio"",""Motion data""]","[""Video recording"",""HD cameras"",""3D scanning"",""Motion tracking""]","[""3D motion analysis software"",""Sensor Fusion""]","[""Digitized video and audio recordings"",""Motion data archives""]","[""Web platform""]","[""Virtual museum"",""Digital assets"",""Digital archive""]"
11,GPT-4 for Icelandic Language,2023,"[""Community empowerment"",""Knowledge transfer"",""Preservation"",""Representativeness in digital world"",""Revitalization""]","[""Linguistic preservation"",""Cultural representation"",""Community engagement""]","[""Policy makers"",""Local communities"",""Private companies""]","[""Glocalization"",""Participation""]","[""Public-Private Partnership""]","[""Free Access Model""]","[""Language Support Tools Developer"",""Linguistic Specialist"",""Digital Product Developer""]","[""Public Foundation"",""Language Technology company"",""Language Technology Center"",""AI Research Organization"",""Language Community"",""Governmental Agency""]","[""Deep Neural Networks"",""AI System Dev."",""Computational Statistics"",""Entrepreneurship"",""Machine Translation"",""Resource Planning"",""Language Technology"",""Marketing Strategy"",""Data Analysis"",""Speech Synthesis"",""Sponsorship""]","[""Oral traditions and expressions""]","[""Cultural identity"",""Oral history"",""Linguistics"",""Languages"",""Spoken Languages"",""Icelandic grammar resources""]","[""Icelandic grammar rules"",""Books""]","[""Text""]","[""OCR"",""Text editing software""]","[""Natural Language Processing (NLP)"",""Machine Learning""]","[""Trained LLM (with basic knoledge of Icelandic language, albeit with errors)""]","[""Generative AI"",""LLM"",""Reinforcement Learning""]","[""Conversational agent"",""Participatory initiative""]"
12,Ichpedia,2010,"[""Documentation"",""Preservation"",""Visibility and reputation"",""Accessibility"",""Community empowerment""]","[""International collaboration"",""Community engagement"",""Educational outreach""]","[""ICH Specialists"",""General public""]","[""Participation""]","[""Publicly Funded""]","[""Free Access Model""]","[""Archaeologist"",""Researcher"",""Cultural Anthropologist"",""Software Developer"",""Literary Editor"",""Folklorist"",""Korean Literature Expert"",""Sociologist"",""Information Scientist"",""Historian""]","[""Governmental Agency"",""Research Center""]","[""Archaeology"",""Computer Engineering"",""Cultural Anthropology"",""Folklore Studies"",""Language/Style Checking"",""Digital Content Curation"",""Historical & Literary Research"",""Immersive Sound Design"",""Knowledge Graphs"",""Software Development"",""Wood Science""]","[""Traditional craftsmanship"",""Knowledge and practices concerning nature and the universe"",""Social practices, rituals and festive events""]","[""Past History"",""Cultural identity"",""Memories"",""Collective memory"",""Korean ICH documentation""]","[""Local communities"",""ICH Documentation"",""Oral histories"",""Photos""]","[""Text"",""Object/artefact"",""Pictures"",""Metadata""]","[""Annotation system"",""2D acquisition""]","[""Database system""]","[""System for inventorying ICH"",""Digitized archive of Korean ICH""]","[""Wiki-based platform"",""Web platform""]","[""Participatory initiative"",""Digital archive""]"
13,MODAS: Sas Boghes da sos Singers a Tenor,2023,"[""Promotion"",""Celebration"",""Preservation""]","[""Community engagement"",""Educational outreach"",""Linguistic preservation""]","[""Tradition bearers"",""Local authorities"",""Local communities""]","[""Glocalization"",""Storytelling"",""Participation""]","[""Publicly Funded""]","[""Free Access Model""]","[""Executive Producer"",""Cultural Network Coordinator"",""Technical-Scientific Coordinator"",""Sound Technician"",""Copywriter"",""Mixing and Mastering Specialist"",""Sound Designer""]","[""Cultural Association"",""Regional Cultural Organization""]","[""Audio/Sound Post-production"",""Creative Direction"",""Community Engagement"",""Social Agents Simulation""]","[""Performing arts"",""Oral traditions and expressions""]","[""Throat singing"",""Polyphonic singing"",""Vocal music"",""Spoken Languages"",""Dialects"",""Instrumental music"",""Poetry"",""Dance"",""Wedding customs"",""Work songs"",""Pastoralism"",""Everyday life"",""Sheep husbandry"",""Cultural perception of the island"",""Sardinian canto a tenore songs""]","[""Oral knowledge"",""Music live performances"",""Songs lyrics""]","[""Audio""]","[""Audio recording""]","[""Audio processing""]","[""Digitized audio recordings of interviews and songs""]","[""Audio streaming platforms""]","[""Podcast""]"
14,Camino Al Mictlan NFT,2021,"[""Celebration"",""Preservation"",""Economic sustainability"",""Community empowerment""]","[""Community engagement"",""Cultural representation"",""Educational outreach"",""Economic sustainability""]","[""Virtual Tourists and avatars"",""Indigenous communities"",""Creators""]","[""Participation"",""Virtualization""]","[""Hybrid Funding Model""]","[""Community Contributions"",""NFT Sales""]","[""Visual Artist"",""Video and Sound Artist"",""Filmaker""]","[""Video Jockey (VJ)"",""Artistic collective"",""Digital Artists"",""Visual Artist"",""Soundmaker""]","[""AI/AR/VR Integration"",""Digital Illustration"",""Storytelling""]","[""Social practices, rituals and festive events""]","[""Religious practice"",""Festivals"",""Family memories"",""Flower arrangement"",""Veneration of the dead"",""Rituals"",""Religous syncretism"",""Harvesting techniques"",""Handicrafts"",""Food preparation"",""Day of the Dead symbols""]","[""Mexican oral traditions"",""Cultural symbols"",""Cultural artifacts and costumes""]","[""Pictures"",""Object/artefact""]",,"[""3D modeling software""]","[""Digital environments"",""3D models of virtual altars"",""Wearable assets for avatars""]","[""VR"",""Web3 systems"",""NFT technologies""]","[""Digital assets"",""Participatory initiative"",""ICH-inspired artefact"",""Dedicated virtual events""]"
15,Whispering table,2009,"[""Edutainment"",""Celebration"",""Fostering intercultural dialogue""]","[""Cultural representation"",""Interactive engagement""]","[""General public"",""Museums""]","[""Materialization"",""Animation"",""Storytelling""]","[""Publicly Funded""]","[""Free Access Model""]","[""Project Manager"",""Creative Director""]","[""Design studio"",""Museum""]","[""Concept Ideation & Dev."",""Storytelling"",""Architectural Analysis"",""UX/UI Design""]","[""Social practices, rituals and festive events""]","[""Religious practice"",""Food culture"",""Food customs""]","[""Oral narratives"",""Cultural culinary traditions""]","[""Audio""]","[""Audio recording"",""Microphones""]","[""Audio processing"",""Multimedia development engines""]","[""Digitized audio recordings of conversations on culture and food traditions""]","[""Sensors"",""Microcontroller"",""Motion-activated system"",""Microphones"",""Wireless systems""]","[""Interactive exhibition""]"
16,History Blocks,2019,"[""Preservation"",""Edutainment""]","[""Edutainment"",""Global outreach""]","[""Students"",""Teachers"",""Schools""]","[""Virtualization"",""Participation"",""Facilitation""]","[""Public-Private Partnership""]","[""Free Access Model""]","[""Creative Director"",""Sound Designer"",""Producer"",""Music Composer"",""Video Editor"",""Copywriter"",""Educational Consultant""]","[""Creative Agency"",""School"",""International Cultural Organization"",""Edutainment game platform"",""Production Company"",""Music and Sound Production Company"",""Post-production company""]","[""Art Direction"",""Copywriting"",""Musical Performance"",""Public Relations & Partnerships""]","[""Knowledge and practices concerning nature and the universe""]","[""Monuments"",""Destroyed and endangered heritage"",""Middle Eastern architectural heritage data""]","[""Archaeological documentation of destroyed monuments"",""Architectural heritage data"",""Technical documentation""]","[""Pictures"",""Templates and Measures""]","[""2D acquisition"",""Annotation system""]","[""Minecraft 3D modeling tools""]","[""Pre-built 3D Minecraft monument templates and re-building instructions""]","[""Web platform""]","[""Digital tools"",""Digital campaign"",""Digital assets"",""Participatory initiative""]"
17,Odeuropa Smell Explorer,2020-2023,"[""Accessibility"",""Stakeholders connection"",""Recognition"",""Documentation"",""Preservation""]","[""Cultural engagement"",""Educational outreach""]","[""ICH Specialists"",""General public"",""Artists"",""Researchers and Scholars"",""Perfumers""]","[""Virtualization"",""Institutionalization""]","[""Publicly Funded""]","[""Free Access Model""]","[""Policy maker"",""Funding & Partnerships referent"",""Semantic Web Expert"",""Cultural History expert""]","[""National Scientific Institution"",""Foundation and Research Center"",""European Engineering School"",""Educational Institution"",""Research Center"",""University research center"",""Research Organization""]","[""Olfactory Heritage Documentation"",""Computer Vision"",""Data Collection"",""Historical & Literary Research"",""Exhibit Fabrication"",""NFT Asset Management"",""Scriptwriting & Narrative Adaptation""]","[""Social practices, rituals and festive events"",""Traditional craftsmanship""]","[""Fragrances"",""Smell"",""Scent""]","[""Technical documentation"",""Scientific articles"",""Historical texts"",""Historical images""]","[""Text"",""Pictures""]","[""OCR"",""2D acquisition"",""Annotation system""]","[""Machine Learning"",""Computer vision"",""Semantic web standards"",""Database system"",""AI text-analysis""]","[""European Olfactory Knowledge Graph"",""Annotated smell-related data""]","[""Machine Learning"",""Web platform"",""Artificial Intelligence""]","[""Digital archive"",""Digital tools""]"
18,Polifonia Portal,2021-2024,"[""Preservation"",""Open resource creation"",""Enhancement"",""Accessibility"",""Documentation""]","[""Interdisciplinary collaboration"",""Educational outreach""]","[""Memory institutions"",""Educators"",""Enthusiasts"",""Musicians"",""ICH Curious"",""Researchers and Scholars""]","[""Institutionalization"",""Virtualization""]","[""Publicly Funded""]","[""Free Access Model""]","[""Digital Archivist"",""Music Historian"",""Assistant Professor"",""Researcher"",""Web developer"",""Musicology Researcher"",""Semantic Web Expert"",""Etnoanthropologist"",""Visual Anthropologist"",""Data Engineer"",""Metadata Specialist"",""Knowledge Graph Engineer"",""User Interface Engineer"",""Communication Manager"",""Social Media Manager""]","[""Archive"",""Research Center"",""National Scientific Institution"",""Research Organization"",""Governmental Agency"",""Educational Institution"",""Web agency"",""Museum"",""University research center""]","[""Community Engagement"",""Digital Musicology"",""Knowledge Graphs"",""Historical & Literary Research"",""Music Production""]","[""Social practices, rituals and festive events""]","[""Historical manuscripts"",""Documents"",""Recordings"",""Historical sources""]","[""Music recordings"",""Archive entry"",""Historical manuscripts""]","[""Text"",""Metadata"",""Audio-visual""]","[""Annotation system"",""Audio recording""]","[""Database system"",""Semantic web standards"",""Audio processing""]","[""Curated metadata collections"",""Database of musical heritage""]","[""Data mining"",""Machine Learning"",""Natural Language Processing (NLP)"",""Web platform""]","[""Digital tools"",""Digital archive""]"
19,TRACTION Opera co-creation for a social transformation,2022,"[""Democratization"",""Open resource creation"",""Accessibility"",""Stakeholders connection"",""Remix and reinterpretation"",""Social inclusion""]","[""Cultural accessibility"",""Community empowerment""]","[""Artists"",""Non-professional artists"",""Marginalized communities"",""General public"",""Local residents"",""Younger generations"",""Elderlies""]","[""Remix"",""Participation""]","[""Publicly Funded""]","[""Free Access Model""]","[""Community Engagement Manager"",""Opera heritage expert"",""Theatre Executive Director"",""Social and Artistic Coordinator"",""XR Developer"",""Interactive Systems Developers"",""Singers"",""Non-professional Dancers""]","[""Technology Research Center"",""Art school"",""Opera company"",""Participatory Art Community"",""XR technology company"",""Educational Institution"",""University research center""]","[""Traditional Costume Knowledge"",""Graphic Design"",""Project Coordination"",""Physical Computing"",""Strategic Leadership""]","[""Performing arts""]","[""Apprenticeship"",""Dance"",""Vocal music"",""Poetry"",""Instrumental music""]","[""Community interactions"",""Music live performances"",""Cultural practitioners' contributions""]","[""Video"",""Audio""]","[""Video recording"",""Audio recording""]","[""Multimedia processing and production""]","[""Structured community-generated content"",""Audio-video recordings of opera performances""]","[""Cloud system"",""Participatory digital workflow production""]","[""Dedicated virtual events"",""Digital tools"",""Immersive live performance"",""Dedicated physical events"",""Participatory initiative""]"
20,Paderpedia,2020,"[""Preservation"",""Documentation"",""Lost/Endangered/Undocumented Recovery"",""Promotion""]","[""Edutainment"",""Citizen science""]","[""Younger generations"",""Students"",""Schools"",""Environmental educators"",""Local residents"",""Amateur historians"",""Enthusiasts"",""Civic associations""]","[""Participation"",""Virtualization""]","[""Publicly Funded""]","[""Free Access Model""]","[""Metadata Specialist"",""Historian"",""Database Manager"",""Digital Archivist"",""Information Scientist""]","[""Archive"",""Regional Government"",""Educational Institution"",""Library"",""University research center""]","[""Data Archiving & Retrieval"",""Database Information Management"",""Microencapsulation""]","[""Social practices, rituals and festive events""]","[""Community action"",""Cultural perception of a river""]","[""Multimedia content"",""Literature database"",""Historical maps"",""Local citizen contributions""]","[""Metadata"",""Pictures"",""Text""]","[""Annotation system"",""2D acquisition"",""GPS""]","[""Database system"",""Archival systems""]","[""Database of structured historical and ecological data""]","[""Web platform"",""Wiki-based platform""]","[""Digital archive""]"
21,Omni Chang’An Site Concept Show,2022-2023,"[""Remix and reinterpretation"",""Celebration"",""Preservation""]","[""Artistic innovation"",""Cultural tourism promotion""]","[""Local communities"",""Stage designers"",""Tourists"",""Cultural institutions"",""Cultural tourists"",""General public"",""Dancers and actors"",""Performing artists"",""Tech providers"",""Theaters"",""Creative producers"",""Policy makers"",""Schools""]","[""Animation"",""Storytelling""]","[""Public-Private Partnership""]","[""Ticketed Revenue Model""]","[""Executive Coordinator"",""Operations Director"",""Lighting Instructor"",""Stage Manager"",""Associated Director"",""Performance Coordinator"",""Literary Screenwriter"",""Executive Producer"",""Director & Funding partner"",""Producer"",""Technical Director"",""Executive Director"",""Business Coordinator"",""Visual Designer"",""Chief Stage Designer"",""Lighting Designer"",""Projection Designer"",""Styling Designer""]","[""Innovative Performing Arts Group""]","[""Backstage Management"",""Budget Management"",""Sponsorship"",""Traditional Costume Knowledge"",""Project Coordination"",""Lighting Design"",""Logistics Management"",""Operational Project Management"",""Promotion"",""Social Agents Simulation"",""Stakeholder Alignment""]","[""Social practices, rituals and festive events""]","[""Qinqiang opera"",""Cultural travel performance"",""Traditional culture"",""Traditional Chinese shadow puppetry""]","[""Opera perfomance"",""Puppets"",""Cultural symbols"",""Shadow puppetry performance""]","[""Motion data"",""Pictures"",""Text"",""Object/artefact""]",,"[""Multimedia processing and production""]","[""Multimedia contents inspired to traditional ICH culture and symbols""]","[""Kinetic system"",""Projection Mapping""]","[""Immersive live performance"",""Dedicated physical events""]"
22,Tempio del Brunello,2021,"[""Preservation"",""Celebration"",""Visibility and reputation"",""Edutainment""]","[""Edutainment"",""Cultural tourism promotion""]","[""Regional stakeholders"",""Tourists"",""Enthusiasts"",""ICH Curious"",""General public"",""Cultural practitioners"",""Cultural institutions""]","[""Storytelling"",""Animation"",""Bespoke exhibiting""]","[""Public-Private Partnership""]","[""Ticketed Revenue Model""]","[""Cultural Event Coordinator"",""Video Producer"",""Content Producer"",""Heritage Site Manager"",""Multimedia Technician"",""Oenologist"",""Exhibition Designer"",""Interaction Designer"",""Installation Artist"",""App Developer"",""XR Developer"",""Cultural Policy Advisor""]","[""Cultural Heritage Site"",""Cultural Heritage Laboratory and Events Organizer"",""Trade association"",""Multidisciplinary Design Studio"",""Wine producers' consortium"",""Religious organization"",""Regional Government""]","[""AI/AR/VR Integration"",""Content Strategy"",""Cultural Event Organization"",""Cultural Policy"",""Exhibition Design"",""Historical Site Management"",""Interactive Installation"",""Interactive Media"",""Kinematic Analysis & Evaluation"",""Video Production"",""Winemaking""]","[""Knowledge and practices concerning nature and the universe"",""Traditional craftsmanship""]","[""Winemaking"",""Alcoholic beverages"",""Food production""]","[""Archive entry"",""Interviews"",""Historical documentation""]","[""Pictures"",""Text"",""Audio""]","[""2D acquisition"",""Audio recording"",""Video recording""]","[""Multimedia processing and production""]","[""Digitized collection of historical and contemporary images, videos""]","[""Mobile App"",""Near Field Communication (NFC)"",""Virtual Reality (VR)"",""Interactive Displays"",""Projection Mapping"",""Sensors"",""Augmented Reality (AR)""]","[""Museum"",""Interactive exhibition""]"
23,Renai Dance Animation,2019-2021,"[""Remix and reinterpretation"",""Preservation"",""Celebration""]","[""Cross-cultural integration"",""Cross-generation transmission of ICH""]","[""Educators"",""General public"",""Younger generations"",""Families"",""Art audiences"",""Cultural practitioners"",""Enthusiasts""]","[""Storytelling""]","[""Academic Institutional Support""]","[""B2B""]","[""Sound Track Composer"",""Computer Graphic Artist"",""Creative Director"",""Creative Producer"",""Sound Designer""]","[""Composer"",""Visual Artist"",""Narrative visual artist"",""Producer"",""Sound designer""]","[""Audio/Sound Design"",""Computer Graphics"",""Creative Coordination"",""Digital Musical Composition""]","[""Performing arts"",""Social practices, rituals and festive events""]","[""Western ballet choreography"",""Costumes"",""Chinese lion dancing performances"",""Rituals"",""Transmission"",""Apprenticeship"",""Emotional response"",""Exchange""]","[""Ballet choreography"",""Dance performance"",""Cultural symbols""]","[""Pictures"",""Video"",""Oral knowledge""]",,"[""Visual Effects software"",""3D animation software"",""Digital embroidery tool"",""3D modeling software"",""Rendering software""]","[""3D animated characters""]","[""Videomaking software"",""Narrative development software""]","[""Digital campaign"",""ICH-inspired artefact""]"
24,ReCollection,2023,"[""Preservation"",""Reimagination of collective memory"",""Lost/Endangered/Undocumented Recovery""]","[""Cultural reproduction"",""Cultural representation""]","[""Care communities"",""Art audiences"",""Cultural practitioners"",""General public"",""Artists"",""Memory institutions""]","[""Materialization"",""Participation""]","[""Academic Institutional Support""]","[""B2B""]","[""AI Research Scientist"",""AI Technical Director"",""New Media Artist""]","[""AI Research Scientist"",""AI Expert"",""Academic & Creative Innovation Hub"",""New Media Artist"",""Foundation and Research Center""]","[""AI System Dev."",""Exhibition Design"",""Museum Spatial Planning""]","[""Oral traditions and expressions""]","[""Cultural identity"",""Oral history"",""Storytelling"",""Collective memory"",""Community participation""]","[""Documentaries"",""Visual memories"",""Oral narratives""]","[""Video"",""Audio""]","[""Video recording"",""Audio recording""]","[""Machine Learning"",""Text-to-Image model"",""Natural Language Processing (NLP)""]","[""System turning speech into textual prompts and images""]","[""Projection Mapping"",""Generative AI"",""Voice-activated system""]","[""Dedicated physical events"",""AI-generated content"",""Interactive installation""]"
25,Synthetic Memories,2022,"[""ICH stakeholders connection"",""Preservation"",""Lost/Endangered/Undocumented Recovery"",""Reimagination of collective memory""]","[""Intergenerational connection"",""Therapeutic applications"",""Inclusivity"",""Documentation""]","[""Local city communities"",""Researchers and Scholars"",""Marginalized communities"",""Cultural institutions"",""Mental health professionals"",""People with dementia"",""Policy makers"",""Migrant and refugee communities"",""Families""]","[""Animation"",""Materialization"",""Participation"",""Memory elicitation""]","[""Public-Private Partnership""]","[""Free Access Model""]","[""AI Specialist"",""Technical Lead"",""Manager Assistant"",""Sound Designer"",""General Manager"",""Creative"",""Industrial Designer"",""Project Manager"",""Accountant"",""Creative Journalist"",""Head of Digital"",""Operations Director & Partner"",""Digital Designer"",""Visual Designer"",""Director & Funding partner"",""Front-End Developer"",""Head of Design & Production"",""Producer"",""Cultural Social Integrator"",""Community Engagement Manager""]","[""Education & Creativity Organization"",""Innovative Cultural Funding Platform"",""Government Funding Organization"",""Gender & Inclusion Organization"",""Cultural Exchange & Social Integration Organization"",""Funding Organization"",""Design studio"",""Community Development Organization""]","[""AI System Dev."",""Client Relationship Management"",""Community Engagement"",""Concept Ideation & Dev."",""Team Leadership"",""Workflow Management"",""Facilitation"",""Community Impact Evaluation"",""Digital Content Design"",""Voiceover"",""System Architecture Design"",""Participatory Design"",""Platform Mainteinance"",""Project Management"",""Project Coordination"",""Storytelling"",""Technical Support"",""UX/UI Design""]","[""Oral traditions and expressions""]","[""Cultural identity"",""Undocumented memories"",""Storytelling"",""Oral history"",""Collective memory"",""Community participation""]","[""Interviews"",""Community storytelling sessions"",""Personal narratives""]","[""Oral knowledge""]","[""Text editing software""]","[""Generative AI""]","[""Digitally reconstructed visual memories"",""Memory textual prompt""]","[""Generative AI""]","[""Dedicated physical events"",""Participatory initiative"",""Museum"",""AI-generated content""]"
26,Lisbon Under Stars,2018,"[""Celebration"",""Preservation"",""Edutainment""]","[""Community engagement"",""Cultural tourism promotion""]","[""Policy makers"",""Tourists"",""Cultural institutions"",""General public"",""Local communities""]","[""Storytelling"",""Animation""]","[""Public-Private Partnership""]","[""Ticketed Revenue Model""]","[""Dancers"",""Artistic Director"",""Musicians"",""Project Manager"",""Technical Director"",""Narrator"",""Projection Mapping Artist"",""Sound Designer"",""Historian"",""Choreographer"",""Urban Artists"",""Documentation Provider""]","[""Archive"",""Video Mapping and Interactive Projections Firm"",""Former Convent"",""Dance Educators""]","[""Sourcing & Licensing"",""Concept Ideation & Dev."",""Dance Choreography"",""Production Execution"",""Audio/Sound Post-production"",""Content curation"",""Natural Language Processing"",""Historical & Literary Research"",""Promotion"",""Visual Art""]","[""Social practices, rituals and festive events"",""Oral traditions and expressions""]","[""Cultural identity"",""Collective memory"",""Oral history"",""Portuguese music"",""Storytelling"",""Public history""]","[""Historical documentation"",""Archive entry"",""Portuguese music"",""Music live performances""]","[""Pictures"",""Video"",""Audio""]","[""Audio recording"",""2D acquisition"",""Video recording""]","[""Multimedia processing tools""]","[""Curated audiovisual content""]","[""Projection Mapping""]","[""Immersive live performance"",""Dedicated physical events"",""Dedicated virtual events ""]"
27,Craftal,2019,"[""Visibility and reputation"",""Promotion"",""Economic sustainability"",""Preservation""]","[""Promoting sustainable consumption"",""Facilitating Artisan-Chef Collaboration"",""Enhancing cultural appreciation""]","[""General public"",""Cultural practitioners"",""Service providers"",""Restaurants"",""Tradition bearers""]","[""Matchmaking"",""Participation""]","[""Self-Funded""]","[""Subscription-Based Revenue Model""]","[""Strategic Planner"",""Project Manager"",""Platform curator"",""Ceramicist"",""Platform designer""]","[""Business Design Company""]","[""Business Strategy"",""Creative Direction"",""Production Planning"",""Project Coordination"",""Traditional Printing"",""UX/UI Design""]","[""Traditional craftsmanship""]","[""Ceramic arts"",""Apprenticeship"",""Craft workers"",""Clay artefacts"",""Traditional Japanese craft tableware"",""Technical skills"",""Ceramics""]","[""Craftsmen Know-how"",""Craft Tableware""]","[""Object/artefact""]","[""Text editing software"",""Pictures""]","[""Database system""]","[""Digital inventory of Japanese craft tableware""]","[""Web platform""]","[""Network platform""]"
28,RISE UP - Revitalising Languages and Safeguarding Cultural Diversity,2023-2026,"[""Stakeholders connection"",""Empowerment"",""Revitalization"",""Lost/Endangered/Undocumented Recovery""]","[""Community engagement"",""Resource sharing"",""Policy advocacy""]","[""Endangered local communities"",""Citizens"",""Learners"",""Researchers and Scholars""]","[""Crowdsourcing"",""Matchmaking"",""Participation""]","[""Publicly Funded European Union Project""]","[""Free Access Model""]","[""Community Engagement Manager"",""Language Revitalization Specialist"",""Gamification Designer"",""Digital Platform Developer"",""Project Manager"",""Communication Officer"",""Educational Content Developer""]","[""Video Game Development Studio"",""Educational Institution"",""Cultural Institution"",""Youth Organization"",""Creative Agency"",""Innovation consultancy"",""University research center""]","[""Co-Design Facilitation"",""Cultural Preservation Strategy"",""Gamification design"",""Policy Analysis"",""Project Coordination"",""Public Communication"",""Educational Content Dev.""]","[""Oral traditions and expressions""]","[""Linguistics"",""Spoken Languages"",""Endangered languages"",""Oral history"",""Languages"",""Cultural identity"",""Collective memory""]","[""Endangered language documentation"",""Community-generated content"",""Oral histories""]","[""Audio"",""Text""]",,"[""Database system""]","[""Database and data structure to allow people to add entries to the platform""]","[""Wiki-based platform"",""Web platform""]","[""Network platform""]"
29,Bamboo Weaving Mold,2024,"[""Open resource creation"",""Democratization"",""Knowledge transfer""]","[""Economic sustainability"",""Skill development and capacity building""]","[""Local communities"",""Learners""]","[""Archetyping"",""Facilitation""]",,,"[""Bamboo Weaving Practitioners"",""Software Developer"",""Educators""]","[""Educational Institution"",""University research center""]","[""AI System Dev."",""Audio/Sound Editing"",""Traditional Ceramics Crafting""]","[""Traditional craftsmanship""]","[""Technical skills"",""Weaving"",""Craft workers"",""Bamboo artefacts"",""Handicrafts"",""Apprenticeship"",""Textile art""]","[""Craftsmen Know-how"",""Bamboo weaving patterns""]","[""Templates and Measures"",""Object/artefact""]","[""CAD software""]","[""Pattern generation software""]","[""Digital archive of patterns"",""Disposable weaving paper molds""]","[""Paper printing""]","[""Digital tools""]"
30,"Urban Media Archive, [unarchiving] program",2022,"[""Reimagination of collective memory"",""Preservation"",""Democratization"",""Community empowerment"",""Knowledge transfer""]","[""Public engagement"",""Artistic collaboration"",""Educational outreach""]","[""Archives"",""Local communities"",""Filmmakers"",""Cultural institutions"",""Artists""]","[""Participation"",""Remix""]","[""Donor support""]","[""Free Access Model""]","[""Social anthropologist"",""Project Manager"",""Sociologist"",""Architect"",""Digital Archivist"",""Digital History Architecture Editor"",""CEO"",""Philosopher"",""Historian"",""Director & Funding partner"",""Head of Educational projects"",""Communication Officer"",""System administrator"",""Office and building administrator"",""Translator"",""Office manager"",""Financial manager"",""Digital Designer"",""Accountant"",""Premises Management Assistant"",""Administrative Manager"",""Technical Assistant"",""Academic Coordinator"",""IT Manager"",""Financial assistant"",""Deputy Director""]","[""Archive and Research Center""]","[""Data Archiving & Retrieval"",""Metadata Structuring & Organization"",""Ethics Critical Reflection"",""Ethnographic Research"",""3D Scanning"",""Educational Program Dev."",""Operational Support"",""Financial Reporting"",""Historical & Literary Research"",""Project Coordination"",""Projection Mapping"",""Qualitative Research"",""Spatial Design"",""Traditional Weaving"",""User-Centered Design"",""Web Development"",""Social Media Strategy""]","[""Social practices, rituals and festive events""]","[""Public history"",""Archival data"",""Oral traditions"",""Oral history"",""Everyday life"",""Community participation"",""Community action""]","[""Urban-related documents"",""Oral histories"",""Multimedia content""]","[""Text"",""Video"",""Pictures"",""Audio""]","[""2D acquisition"",""Annotation system""]","[""Database system"",""Archival systems""]","[""Digitized urban history archive""]",,"[""Digital archive"",""Dedicated physical events""]"
31,Swapmuseun,2016,"[""Edutainment"",""Community empowerment"",""Youth engagement"",""Knowledge transfer"",""Stakeholders connection""]","[""Cultural accessibility"",""Skill development and capacity building""]","[""Local communities"",""General public"",""Museums"",""Cultural institutions"",""Schools"",""Younger generations""]","[""Matchmaking"",""Participation""]","[""Hybrid Funding Model""]","[""Free Access Model""]","[""Audience Developer"",""Tutors"",""Business Analyst"",""Facilitator"",""Project Manager"",""Community Engagement Manager"",""Social Media Manager""]","[""Fablab"",""Social Cooperative"",""Cultural and Innovation Hub"",""Cultural Association""]","[""Audience Development"",""Storytelling"",""3D Integration"",""Metadata Structuring & Organization"",""Project Coordination"",""Community Engagement""]","[""Oral traditions and expressions""]","[""Everyday life"",""Student participation"",""Community action""]","[""Documentaries"",""Illustrations"",""Historical finds"",""Interviews"",""Archive entry""]","[""Text"",""Pictures"",""Video""]","[""Text editing software"",""Video recording"",""2D acquisition""]",,"[""Collection of images, videos, and stories related to the museum and the local community""]","[""Media systems"",""Social Media""]","[""Digital tools"",""Participatory initiative""]"
32,Comuniterràe,2017,"[""Documentation"",""Community mapping"",""Celebration"",""Community empowerment"",""Cultural identity preservation""]","[""Local community engagement"",""Reinforcing community identity"",""Cultural revitalization""]","[""Local communities"",""Policy makers""]","[""Participation"",""Storytelling""]","[""Hybrid Funding Model""]","[""Free Access Model""]","[""Project Manager"",""Map Illustrator"",""Community Facilitator"",""Cultural Heritage Specialist"",""Communication Officer""]","[""Cultural Association"",""Community Foundation"",""National park"",""Regional Government"",""Community""]","[""Pattern Design"",""Storytelling"",""Community Engagement"",""Heritage Documentation"",""Qualitative Research""]","[""Social practices, rituals and festive events"",""Oral traditions and expressions""]","[""Community action"",""Memories"",""Festivals"",""Cultural identity"",""Food production"",""Myths""]","[""Oral knowledge"",""Photos"",""Local histories"",""Community traditions"",""Festivals""]","[""Pictures"",""Oral knowledge"",""Text""]","[""2D acquisition""]","[""Database system"",""Annotation system"",""Vector graphic software""]","[""Digital archive of pictures, stories, knowledge related to the community costums""]","[""Web platform""]","[""Participatory initiative"",""Digital archive""]"
33,Tacit Dialogues,2019-2022,"[""Research"",""Remix and reinterpretation"",""Preservation""]","[""Public engagement"",""Artistic collaboration""]","[""Learners"",""Artisans"",""General public"",""Researchers and Scholars""]","[""Materialization"",""Translation""]","[""Hybrid Funding Model""]","[""Free Access Model""]","[""Researcher"",""Art Historian"",""Glass Producer"",""Industrial Designer"",""Visual Artist""]","[""Glassmaking Studio"",""Visual Artist"",""Contemporary Artist"",""Designer"",""Artistic associates to Art Schools"",""Design studio"",""Digital Fabrication Artist"",""Glass sculptor""]","[""Historical Research"",""Audio-Visual Media Creation"",""Glassblowing"",""Production Planning"",""Resource Planning"",""Storytelling""]","[""Traditional craftsmanship""]","[""Engraving"",""Craft workers"",""Glass art"",""Technical skills"",""Silver artefacts"",""Apprenticeship"",""Traditional tools"",""Creative thinking""]","[""Artisan movements"",""Glassblowing live performances"",""Sound and visual interactions""]","[""Audio"",""Motion data"",""Visual data""]","[""Audio recording"",""Motion detection systems"",""Video recording""]","[""Motion data analysis tools"",""Visual processing software"",""Sound analysis software""]","[""Motion data of glassblowing techniques"",""Visual and sonic data archives""]","[""Motion Graphic Software"",""3D printing""]","[""ICH-inspired artefact""]"
34,Cyberknitics,2016,"[""Experimentation"",""Remix and reinterpretation""]","[""Community engagement"",""Artistic innovation""]","[""Makers"",""Artisans""]","[""Magnification"",""Translation"",""Synesthesia""]","[""Self-Funded""]",,"[""Knitter""]","[""Graphic Designer"",""Creative Technologist""]","[""Coding"",""Space & Product Design Integration""]","[""Traditional craftsmanship""]","[""Technical skills"",""Craft workers"",""Handicrafts"",""Apprenticeship"",""Knitting techniques"",""Textile art"",""Technical tools""]","[""Artisan movements"",""Knitting gestures""]","[""Motion data""]","[""Microcontrollers"",""Motion capture system""]","[""Motion data translation systems"",""Physical Computing"",""Audio processing""]","[""Syncronized electronic system turning movements into sound""]","[""Motion-activated system"",""Microcontroller"",""Microphones""]","[""Immersive live performance""]"
35,Kaarigari,2020,"[""Preservation"",""Celebration"",""Visibility and reputation""]","[""Visibility and recognition"",""Contemporary design integration""]","[""General public"",""Artisans"",""Local communities""]","[""Translation"",""Materialization""]","[""Institutional support""]",,"[""Textile Digital manufacturer"",""Designer"",""Hand-block Printing Artisan""]","[""Maker laboratory"",""Designer"",""Hand-block Printing Artisan""]","[""Textile Fabrication"",""Digital Media Handling"",""Translation""]","[""Traditional craftsmanship""]","[""Handicrafts"",""Craft workers"",""Technical skills"",""Apprenticeship"",""Wood artefacts"",""Engraving"",""Wood working"",""Textile art"",""Technical tools"",""Drawings""]","[""Weaving patterns"",""Block printing techniques"",""Artisan movements""]","[""Motion data""]","[""Photography"",""Motion detection systems"",""Video recording""]","[""Motion analysis tools"",""Pattern generation software""]","[""Motion data clouds of block printing"",""Digitized patterns""]","[""Digital pattern making software"",""Textile digital manufacturing""]","[""ICH-inspired artefact""]"
36,La Baguette stamp,2024,"[""Celebration""]","[""Public engagement"",""Promotion of national identity""]","[""ICH Curious"",""Enthusiasts"",""National inhabitants"",""Collectors"",""Tourists""]","[""Materialization"",""Synesthesia""]","[""Publicly Funded""]","[""B2C""]","[""Technology expert"",""Distributor"",""Illustrator""]","[""Printing Press"",""Illustrator"",""National Postal Company"",""Microencapsulation Technologies company""]","[""Digital Illustration"",""Machine Learning"",""App Design & Dev.""]","[""Traditional craftsmanship"",""Social practices, rituals and festive events""]","[""Breadmaking"",""Social inclusion"",""Contests"",""Apprenticeship"",""Creative thinking"",""Everyday life"",""Fermentation techniques"",""Bread smell"",""Food customs"",""Food preparation"",""Handicrafts"",""Bakeries"",""Cooking tools"",""Technical skills""]","[""Historical references"",""Bread memory archetypes"",""Cultural symbols""]","[""Visual design"",""Scent data"",""Object/artefact""]","[""Microencapsulation scent""]","[""Vector graphic software""]","[""Digital illustration and cooked break microencapsulated scent""]","[""Scratch and sniff printing""]","[""ICH-inspired artefact""]"
37,Fabric Museum: TextLoom,2023,"[""Remix and reinterpretation"",""Experimentation""]","[""Interactive engagement"",""Educational outreach""]","[""Museum audience""]","[""Simulation (gesture)"",""Storytelling""]","[""Academic Institutional Support""]",,"[""Graphic Designer"",""Museum curator"",""Researcher""]","[""Graphic Designer"",""Private Art University Educators"",""Museum""]","[""Brand Management"",""Generative Design""]","[""Social practices, rituals and festive events"",""Traditional craftsmanship""]","[""Craft workers"",""Technical skills"",""Handicrafts"",""Apprenticeship"",""Textile art"",""Technical tools"",""Weaving""]","[""Craftsmen Know-how"",""Keywords writing movements""]","[""Motion data""]","[""Pressure sensors"",""Slider sensors""]","[""Vector graphic software"",""Generative art software"",""Integrated Development Environment (IDE)"",""Physical Computing"",""Mapping tools"",""Audio processing""]","[""ICH-inspired movements"",""Syncronized electronic system turning movements into visuals and sound""]","[""Projection Mapping"",""Motion-activated system""]","[""Interactive exhibition""]"
38,Weaving Time,2019-2020,"[""Preservation"",""Celebration"",""Remix and reinterpretation""]","[""Edutainment"",""Interactive engagement""]","[""Museum audience""]","[""Gamification"",""Simulation""]","[""Publicly Funded""]","[""B2C""]","[""Software Developer"",""Electrical engineer"",""Lighting Engineer"",""Project Manager""]","[""History Museum"",""Museum Exhibit Manufacturer"",""Experience Design Studio"",""Marketing Agency"",""Lighting Design Consultancy Company""]","[""Concept Design"",""Exhibition Design"",""Graphic Design"",""Interactive Installation""]","[""Traditional craftsmanship""]","[""Technical skills"",""Handicrafts"",""Apprenticeship"",""Craft workers"",""Textile art"",""Technical tools"",""Traditional Inca weaving patterns""]","[""Photographs of Inca textiles and costumes"",""Weaving patterns""]","[""Pictures"",""Metadata"",""Visual patterns""]","[""Annotation system"",""2D acquisition""]","[""Vector graphic software"",""Image editing software""]","[""Syncronized electronic system turning movements into visuals and sound"",""ICH-inspired digitized pattern tiles""]","[""Motion-activated system"",""Screen-based display""]","[""ICH-inspired artefact"",""Interactive exhibition""]"
39,Design philology,2023,"[""Visibility and reputation"",""Celebration""]","[""Interactive engagement"",""Educational outreach"",""Collaborative partnerships""]","[""Learners"",""Educational institutions"",""Local communities""]","[""Virtualization"",""Participation""]","[""Publicly Funded""]","[""Free Access Model""]","[""Project Coordinator"",""Scientific curators"",""Web designers"",""Communication Officer"",""Web developer"",""Video-testimonial designers"",""Video Producer"",""Voiceover Artist"",""Technical support teams"",""Alumni Contributors""]","[""Educational Institution"",""University research center""]","[""Archival Research"",""Documentation Research"",""Exhibition Design"",""Branding""]","[""Social practices, rituals and festive events"",""Oral traditions and expressions""]","[""Cultural identity"",""Collective memory"",""Storytelling"",""Oral history"",""Everyday life"",""Student participation"",""Teachers""]","[""Interviews"",""Archive entry"",""Letters"",""Historical documentation"",""Institutional reports"",""Photos"",""Historical videos"",""Drawings and sketches""]","[""Pictures"",""Text"",""Video"",""Audio""]","[""Video recording"",""2D acquisition"",""Audio recording""]","[""Archival systems"",""Database system"",""Vector graphic software""]","[""Curated timelines and narratives"",""Database of structured historical and contemporary data related to the Design department""]","[""Web platform""]","[""Participatory initiative"",""Digital archive""]"
40,MEMEX. MEMories and EXperiences for inclusive digital storytelling,2019-2021,"[""Stakeholders connection"",""Community empowerment"",""Accessibility"",""Social inclusion""]","[""Skill development and capacity building"",""Cultural heritage accessibility"",""Community engagement""]","[""General public"",""Marginalized communities""]","[""Facilitation"",""Crowdsourcing""]","[""Publicly Funded""]","[""Free Access Model""]","[""AR Developer"",""Data Scientist"",""Software Engineer"",""Cultural Heritage Specialist"",""Interaction Designer"",""ICT Specialist"",""Heritage Data Curator"",""App Developer"",""Community Engagement Manager"",""Project Coordinator"",""Ethnographer"",""AI Specialist"",""UX/UI Designer"",""Policy maker""]","[""Non-governmental Cultural Foundation"",""Creative Agency"",""Cultural Mediation and Education Company"",""Technology Research Center"",""Research and Production Agency"",""Public Scientific and Technological Organization"",""Non-profit Research Association"",""Educational Institution"",""University research center"",""Research Organization"",""European Cultural Network"",""Business Consulting Firm"",""Cultural Management Center""]","[""AI/AR/VR Integration"",""Data Analysis"",""Software Development"",""Heritage Analysis"",""Interactive Installation"",""IT Systems Maintenance"",""Microencapsulation"",""Kinematic Analysis & Evaluation"",""Audio-Visual Post-Production"",""Project Coordination"",""Machine Learning"",""Machine Translation"",""UX/UI Design""]","[""Oral traditions and expressions"",""Social practices, rituals and festive events""]","[""Urban spaces"",""Collective memory"",""Monument history"",""Storytelling""]","[""Images and videos"",""User-generated stories"",""TCH Documentation"",""ICH Documentation""]","[""Video"",""Pictures"",""Location"",""Text"",""User narratives""]","[""Text editing software"",""2D acquisition"",""GPS""]","[""Knowledge Graph system""]","[""Enabling infrastructure for mobile app combining geolocated information and multumedia contents""]","[""Natural Language Processing (NLP)"",""Augmented Reality (AR)"",""Mobile App"",""Digital camera""]","[""Digital tools"",""Participatory initiative""]"
41,Réveil des Archives sonores,2014,"[""Celebration"",""Remix and reinterpretation""]","[""Artistic innovation"",""Collaborative partnerships"",""Educational outreach"",""Public engagement""]","[""Musicians"",""Enthusiasts"",""ICH Curious"",""Cultural institutions"",""General public""]","[""Remix""]","[""Publicly Funded""]","[""B2B"",""B2C""]","[""Sound archivist"",""Music Composer"",""Anthropologist"",""Ethnomusicologist"",""Sound Engineer"",""Sound Designer""]","[""Ethnographic Museum"",""Ethnomusicology Department"",""Musicians"",""Sound Artists""]","[""Audio/Sound Design"",""Audio/Sound Post-production"",""Ethnographic Research"",""Audio/Sound Installation""]","[""Performing arts""]","[""Music"",""Instrumental music"",""Vocal music"",""Musical performances"",""Musicology"",""Orchestras""]","[""Collection of phonograms"",""Metadata"",""Archive entry"",""Musical funds""]","[""Audio""]","[""Audio recording"",""Annotation system"",""Audio digitization tools""]","[""Audio processing"",""Database system""]","[""Digitized recordings of musical traditions""]","[""Audio streaming platforms""]","[""Digital archive"",""Dedicated virtual events"",""Dedicated physical events"",""ICH-inspired artefact""]"
42,The Living Museum,2024,"[""Edutainment"",""Enhancement""]","[""Personalised curation"",""Interactive learning"",""Remote accessibility""]","[""Museums"",""Digital archivists"",""General public""]","[""Animation"",""Storytelling""]","[""Donor support""]","[""Free Access Model""]","[""AI Engineer""]",[],"[""Historical & Literary Research"",""Generative Agents Dev.""]","[""Social practices, rituals and festive events"",""Traditional craftsmanship""]","[""Storytelling"",""Collective memory"",""Past History"",""Handicrafts"",""Costumes"",""Customs""]","[""Historical finds"",""Artifacts descriptions"",""Museum curators comments""]","[""Object/artefact"",""Metadata""]","[""2D acquisition"",""Annotation system""]","[""Photo-editing software"",""Database system""]","[""Digitized archive of historical finds and metadata""]","[""Generative AI"",""Web platform""]","[""Virtual museum"",""Conversational agent""]"
43,Planet Word: The First Voice-Activated Museum,2020,"[""Celebration"",""Edutainment""]","[""Artistic collaboration"",""Multilingual representation"",""Interactive engagement"",""Educational outreach""]","[""Marginalized communities"",""Schools"",""Museums"",""Younger generations"",""Local communities""]","[""Participation""]","[""Hybrid Funding Model""]","[""Earned income"",""Philantropic support""]","[""Lead Architect"",""Contents Developers"",""Media Producer"",""Media Designer"",""Lead Designer"",""Media & Software Developers"",""Audio-Visual (AV) Integrator"",""Architect"",""Sound Designer"",""Sound Engineer""]","[""Acoustic Design Consultancy Firm"",""Exhibition and Media Design studio"",""Experiential Production Group"",""Experience Design Studio"",""Museum"",""Architecture Studio"",""Sound Design Studio"",""Motion Design Studio""]","[""Historical & Literary Research"",""Audio-Visual System Installation"",""Educational Content Dev."",""Community Impact Evaluation"",""Game Design"",""Music Analysis""]","[""Oral traditions and expressions""]","[""Linguistics"",""Dialects"",""Spoken Languages"",""Languages"",""Oral history""]","[""Historical texts"",""United States oral traditions"",""Linguistic resources"",""Books""]","[""Audio"",""Text""]","[""Text editing software"",""Transcription tools"",""Audio recording"",""2D acquisition"",""Video recording""]","[""Multimedia development engines"",""Audio processing""]","[""Digitized archive of historical and contemporary records""]","[""Projection Mapping"",""Voice-activated system""]","[""Museum"",""Interactive exhibition""]"
44,Piccolo Museo del Diario,2013,"[""Preservation"",""Accessibility"",""Celebration"",""Edutainment""]","[""Interactive engagement"",""Educational outreach"",""Community engagement""]","[""Local communities"",""Archives"",""Schools"",""Cultural institutions""]","[""Animation""]","[""Hybrid Funding Model""]","[""Philantropic support"",""Earned income""]","[""Architect"",""Art Director"",""Interaction Designer"",""Curator"",""Project Manager"",""Creative Director"",""Technology Officer"",""General Manager"",""Fundraising Manager"",""Designer"",""Exhibition Designer"",""Researcher"",""Photographer""]","[""Cultural Foundation"",""Literary Archive"",""Multidisciplinary Design Studio""]","[""Digital Illustration"",""Exhibition Design"",""Graphic Design"",""Archival Storytelling"",""Speech Recognition"",""System Architecture Design"",""User-Centered Design"",""Workflow Management"",""Grant Acquisition""]","[""Oral traditions and expressions""]","[""Collective memory"",""Cultural identity"",""Oral history""]","[""Personal diaries"",""Books"",""Letters"",""Testimonies"",""Photos""]","[""Text"",""Pictures"",""Video"",""Audio""]","[""2D acquisition"",""Audio recording"",""Video recording""]","[""Database system"",""Archival systems"",""Multimedia processing and production""]","[""Digitized diary entries and stories""]","[""Projection Mapping"",""Displays"",""Microphones"",""Motion-activated system""]","[""Interactive exhibition"",""Museum""]"
45,Quantum Temple Path to Alango,2022,"[""Preservation"",""Empowerment"",""Economic sustainability""]","[""Global outreach"",""Educational outreach"",""Economic sustainability""]","[""Global audience"",""Tourists"",""Local authorities"",""Indigenous communities"",""Researchers and Scholars""]","[""Matchmaking"",""Participation""]","[""Donor support""]","[""B2C""]","[""Head of Engineering"",""Marketing"",""Impact Coordinator"",""Anthropologist"",""UI Designer"",""Local Operations"",""Head of Content"",""Field Experience Manager"",""UI Lead Designer"",""Cultural Practitioner"",""Graphic Designer"",""CEO"",""Product Analyst Intern"",""Senior Advisor"",""Product Strategist"",""Head of Product"",""Project Manager"",""Full Stack Engineer"",""IT Architect"",""Head of Operations"",""Administrative Manager"",""Accountant""]","[""Governmental Agency"",""Tourism Travel Agency"",""Blockchain-powered travel platform"",""Blockchain Technologies Company""]","[""Community Impact Evaluation"",""Content Strategy"",""Cultural Advisory"",""Ethnographic Research"",""Data Analysis"",""Digital Marketing"",""Software Development"",""Mentoring"",""Live Performance Logistics"",""Production Planning"",""Project Coordination"",""System Architecture Design"",""UX/UI Design"",""Technical Support""]","[""Social practices, rituals and festive events""]","[""Rituals"",""Choreography"",""Dance"",""Masks"",""Costumes"",""Balinese cultural heritage"",""Instrumental music""]","[""Balinese oral traditions"",""Ritual performances"",""Balinese cultural heritage""]","[""Video"",""Audio""]","[""Video recording"",""Audio recording""]","[""Multimedia processing and production""]","[""Videos of Balinese culture keepers performing rituals and traditional dances""]","[""Non-Fungible Token (NFT)"",""Web3 platform"",""Blockchain""]","[""Participatory initiative"",""Digital assets""]"
46,Quantum Temple Passport,2021,"[""Preservation"",""Economic sustainability""]","[""Global outreach"",""Community engagement""]","[""Global audience"",""Tourists"",""Local authorities"",""Indigenous communities"",""Researchers and Scholars""]","[""Matchmaking"",""Participation""]","[""Publicly Funded""]","[""B2C""]","[""Head of Engineering"",""Marketing"",""Impact Coordinator"",""Anthropologist"",""UI Designer"",""Local Operations"",""Head of Content"",""Field Experience Manager"",""UI Lead Designer"",""Cultural Practitioner"",""Graphic Designer"",""CEO"",""Product Analyst Intern"",""Senior Advisor"",""Product Strategist"",""Head of Product"",""Project Manager"",""Full Stack Engineer"",""IT Architect"",""Head of Operations"",""Administrative Manager"",""Accountant""]","[""Governmental Agency"",""Tourism Travel Agency"",""Blockchain-powered travel platform"",""Blockchain Technologies Company""]","[""Community Impact Evaluation"",""Content Strategy"",""Cultural Advisory"",""Ethnographic Research"",""Data Analysis"",""Digital Marketing"",""Software Development"",""Mentoring"",""Live Performance Logistics"",""Production Planning"",""Project Coordination"",""System Architecture Design"",""UX/UI Design"",""Technical Support""]","[""Social practices, rituals and festive events""]","[""Rituals"",""Choreography"",""Dance"",""Masks"",""Costumes"",""Instrumental music""]","[""Ritual performances"",""Community projects"",""Balinese oral traditions""]","[""Video"",""Audio""]","[""Text editing software""]","[""Database system""]","[""A collection of community projects and fund requests""]","[""Web3 platform"",""Cryptocurrencies"",""Blockchain""]","[""Participatory initiative"",""Digital assets""]"
47,HKMALA - Hong Kong Martial Arts Living Archive,2012,"[""Preservation"",""Knowledge transfer"",""Documentation"",""Community empowerment"",""Edutainment"",""Valorization""]","[""Public engagement"",""Community collaboration"",""Documentation"",""Educational outreach""]","[""Researchers and Scholars"",""ICH Curious"",""Cultural practitioners"",""Cultural institutions"",""Enthusiasts"",""General public""]","[""Facilitation"",""Translation""]","[""Publicly Funded""]",,"[""Digital Museology Researcher"",""Media Artist"",""Martial Arts Expert"",""Martial Arts Performers"",""Videographer"",""Photographer"",""Installation Designer"",""Audio Designer"",""Documentary Producers""]","[""Educational Institution"",""University research center"",""Organization for Martial Arts Safeguarding""]","[""Audio/Sound Design"",""Heritage Documentation"",""Holographic Projection Design & Dev."",""Coding""]","[""Performing arts""]","[""Traditional weapons"",""Acrobatic perfomances"",""Sports"",""Choreography"",""Apprenticeship"",""Sports competition""]","[""Historical documentation"",""Kung fu masters performances"",""Martial Arts oral traditions""]","[""Pictures"",""Audio"",""Motion data"",""Video""]","[""Motion capture"",""3D reconstruction systems"",""2D acquisition"",""Video recording"",""Annotation system""]","[""Deep-learning pattern recognition"",""Database system"",""Motion data processing tools"",""Multimodal search and retrieval tools""]","[""Documentation of rituals"",""Kung fu motion data, video and photographic dataset archive"",""Digitized copies of historical resources""]","[""Motion-activated system"",""Graphic motion animation"",""Smart mirrors""]","[""Interactive exhibition"",""Digital archive"",""Dedicated physical events""]"
